20230905	에버엑스(주)(EverEx)	1	1	1	1	2	2
20230911	에버엑스(주)(EverEx)	1	1	1	1	2	2
20230921	에버엑스(주)(EverEx)	1	1	1	1	2	2
20231001	에버엑스(주)(EverEx)	1	1	1	1	2	2
20231011	에버엑스(주)(EverEx)	1	1	1	1	2	2
20231021	에버엑스(주)(EverEx)	1	1	1	1	2	2
20231101	에버엑스(주)(EverEx)	1	1	1	1	2	2
20231111	에버엑스(주)(EverEx)	1	1	1	1	2	2
20231121	에버엑스(주)(EverEx)	1	1	1	1	2	2
20231201	에버엑스(주)(EverEx)	1	1	1	1	2	2
20231211	에버엑스(주)(EverEx)	1	1	1	1	2	2
20231221	에버엑스(주)(EverEx)	1	1	2	2	3	3
20240101	에버엑스(주)(EverEx)	0	1	0	2	0	3
20240111	에버엑스(주)(EverEx)	0	1	0	2	0	3
20240121	에버엑스(주)(EverEx)	0	1	0	2	0	3
20240201	에버엑스(주)(EverEx)	0	1	0	2	0	3
20240211	에버엑스(주)(EverEx)	0	1	0	2	0	3
20240221	에버엑스(주)(EverEx)	0	1	0	2	0	3
20240301	에버엑스(주)(EverEx)	0	1	0	2	0	3
20240311	에버엑스(주)(EverEx)	0	1	0	2	0	3
20240321	에버엑스(주)(EverEx)	0	1	1	3	1	4
20240401	에버엑스(주)(EverEx)	0	1	1	3	1	4
20240411	에버엑스(주)(EverEx)	0	1	1	3	1	4
20240421	에버엑스(주)(EverEx)	0	1	1	3	1	4
20240501	에버엑스(주)(EverEx)	0	1	1	3	1	4
20240511	에버엑스(주)(EverEx)	0	1	1	3	1	4
20240521	에버엑스(주)(EverEx)	0	1	1	3	1	4
20240601	에버엑스(주)(EverEx)	0	1	1	3	1	4
20240611	에버엑스(주)(EverEx)	0	1	1	3	1	4
20240621	에버엑스(주)(EverEx)	0	1	1	3	1	4
20240624	에버엑스(주)(EverEx)	0	1	1	3	1	4
20240701	에버엑스(주)(EverEx)	0	1	1	3	1	4
20240711	에버엑스(주)(EverEx)	0	1	1	3	1	4
20240721	에버엑스(주)(EverEx)	0	1	1	3	1	4
20240801	에버엑스(주)(EverEx)	0	1	1	3	1	4
20240811	에버엑스(주)(EverEx)	0	1	1	3	1	4
20240821	에버엑스(주)(EverEx)	0	1	1	3	1	4
20240901	에버엑스(주)(EverEx)	0	1	1	3	1	4
20240911	에버엑스(주)(EverEx)	0	1	1	3	1	4
